species_group	species	assembly_version
Actinopteri	Guentherus_altivela	ASM90031259v1
Actinopteri	Seriola_rivoliana	ASM299450v1
Actinopteri	Takifugu_flavidus	v1
Actinopteri	Brotula_barbata	ASM90030326v1
Actinopteri	Mora_moro	Mora_mora_assembly
Actinopteri	Symphodus_melops	CHI06
Actinopteri	Typhlichthys_subterraneus	ASM90030240v1
Actinopteri	Poecilia_latipinna	v1.0
Actinopteri	Arapaima_gigas	Agigas_genome_assembly_all_mixed_samples
Actinopteri	Seriola_dumerili	Sdu_1.0
Actinopteri	Regalecus_glesne	ASM90030258v1
Actinopteri	Tetraodon_nigroviridis	TETRAODON8
Actinopteri	Dicentrarchus_labrax	seabass_V1.0
Actinopteri	Melanochromis_auratus	ASM15089v1
Actinopteri	Labeo_rohita	ASM412021v1
Actinopteri	Oryzias_latipes	medaka1
Actinopteri	Parambassis_ranga	fParRan2.1
Actinopteri	Thunnus_orientalis	Ba_1.0
Actinopteri	Cyprinus_carpio	v1_2015
Actinopteri	Mallotus_villosus	GCA_903064625
Actinopteri	Clarias_batrachus	ASM398787v1
Actinopteri	Oryzias_melastigma	Om_v0.7.RACA
Actinopteri	Salmo_salar	ICASG_v2
Actinopteri	Beryx_splendens	ASM90031256v1
Actinopteri	Gasterosteus_aculeatus	BROADS1
Actinopteri	Paramormyrops_kingsleyae	PKING1
Actinopteri	Stylephorus_chordatus	ASM90031261v1
Actinopteri	Larimichthys_crocea	ASM74293v1
Actinopteri	Pseudopleuronectes_yokohamae	Pyoko_1.0
Actinopteri	Etheostoma_cragini	Ecrag_1.0
Actinopteri	Sebastes_minor	ASM191076v1
Actinopteri	Parablennius_parvicornis	ASM90030274v1
Actinopteri	Perca_fluviatilis	UTU_Pfluv_1.1
Actinopteri	Cottus_rhenanus	v1
Actinopteri	Mchenga_conophoros	ASM15085v1
Actinopteri	Syngnathus_scovelli	ssc_2016_12_20_chromlevel
Actinopteri	Helostoma_temminkii	ASM90030269v1
Actinopteri	Notothenia_coriiceps	ncbi_8208_2014
Actinopteri	Lesueurigobius_sanzi	ASM90030325v1
Actinopteri	Planiliza_haematocheilus	Liza_haematocheila_0.1
Actinopteri	Scartelaos_histophorus	SH
Actinopteri	Chaenocephalus_aceratus	ASM90030267v1
Actinopteri	Lepisosteus_oculatus	LepOcu1
Actinopteri	Zeus_faber	ASM90032333v1
Actinopteri	Poecilia_mexicana	v1.0
Actinopteri	Ageneiosus_inermis	GCA_003347165.1
Actinopteri	Arctogadus_glacialis	ASM90030323v1
Actinopteri	Esox_lucius	ASM72191v2
Actinopteri	Oncorhynchus_tshawytscha	USMARCv1.0
Actinopteri	Rondeletia_loricata	ASM90030260v1
Actinopteri	Pungitius_pungitius	ASM339955v1
Actinopteri	Kryptolebias_marmoratus	v1
Actinopteri	Cirrhinus_molitorella	ASM402844v1
Actinopteri	Tropheus_moorii	TMv1.0
Actinopteri	Monopterus_albus	M_albus_1.0
Actinopteri	Lampris_guttatus	ASM90030254v1
Actinopteri	Perca_flavescens	PFLA_1.0
Actinopteri	Tenualosa_ilisha	ASM365119v1
Actinopteri	Ictalurus_punctatus	IpCoco_1.2
Actinopteri	Hypophthalmichthys_nobilis	HypNob1.0
Actinopteri	Collichthys_lucidus	ASM411991v1
Actinopteri	Salvelinus_alpinus	ASM291031v2
Actinopteri	Anguilla_anguilla	v1
Actinopteri	Scleropages_formosus	aro_v2
Actinopteri	Boreogadus_saida	ASM90030251v1
Actinopteri	Thunnus_albacares	ASM90030262v1
Actinopteri	Sebastes_steindachneri	ASM191078v1
Actinopteri	Acipenser_ruthenus	ASM411989v1
Actinopteri	Cynoglossus_semilaevis	cse_v1.0
Actinopteri	Phycis_blennoides	ASM90030231v1
Actinopteri	Simochromis_diagramma	fSimDia1.1
Actinopteri	Sardina_pilchardus	1_UP_Spi
Actinopteri	Miichthys_miiuy	ASM159371v1
Actinopteri	Sinocyclocheilus_rhinocerous	SAMN03320098_v1
Actinopteri	Micropterus_floridanus	ASM259238v1
Actinopteri	Holocentrus_rufus	ASM90030261v1
Actinopteri	Oreochromis_niloticus	goldenpath_oreNil2_2011_01
Actinopteri	Pimephales_promelas	GCA_000700825.1
Actinopteri	Chatrabus_melanurus	ASM90030263v1
Actinopteri	Trachinotus_ovatus	golden_pompano_genome_number_1
Actinopteri	Poecilia_reticulata	v1.0
Actinopteri	Periophthalmus_magnuspinnatus	GCA_000787105
Actinopteri	Astatotilapia_calliptera	fAstCal1.2
Actinopteri	Amphiprion_frenatus	AmpOce1.0
Actinopteri	Sardina_pilchardus	SP_G
Actinopteri	Xiphophorus_maculatus	ncbi_100_2013
Actinopteri	Epinephelus_lanceolatus	ASM528154v1
Actinopteri	Labeotropheus_fuelleborni	v1
Actinopteri	Mola_mola	ASM169857v1
Actinopteri	Oncorhynchus_kisutch	Okis_V1
Actinopteri	Clupea_harengus	ncbi_7950_2015
Actinopteri	Lamprogrammus_exutus	ASM90031255v1
Actinopteri	Reinhardtius_hippoglossoides	ASM618292v1
Actinopteri	Amphilophus_citrinellus	Midas_v5
Actinopteri	Lates_calcarifer	ASM164080v1
Actinopteri	Gadiculus_argenteus	ASM90030259v1
Actinopteri	Mastacembelus_armatus	GCA_900324485
Actinopteri	Coryphaenoides_rupestris	ASM289596v1
Actinopteri	Hypophthalmichthys_molitrix	HypMol1.0
Actinopteri	Anoplopoma_fimbria	AnoFim1.0
Actinopteri	Sebastes_nigrocinctus	Snig1.0
Actinopteri	Takifugu_bimaculatus	ASM402614v1
Actinopteri	Bregmaceros_cantori	ASM90030239v1
Actinopteri	Haplochromis_burtoni	1
Actinopteri	Seriola_lalandi_dorsalis	Sedor1
Actinopteri	Thunnus_thynnus	GBYP_Tthy_1.0
Actinopteri	Amphiprion_ocellaris	AmpOce1.0
Actinopteri	Phycis_phycis	ASM90030233v1
Actinopteri	Stegastes_partitus	1.0.2
Actinopteri	Thymallus_thymallus	ASM434828v1
Actinopteri	Cyprinodon_nevadensis_pectoralis	v1
Actinopteri	Pygocentrus_nattereri	1.0.2
Actinopteri	Astyanax_mexicanus	ensembl_79_AstMex102
Actinopteri	Hucho_hucho	ASM331708v1
Actinopteri	Betta_splendens	GCA_003650155
Actinopteri	Xiphophorus_couchianus	4.0.1
Actinopteri	Amphiprion_percula	Nemo_v1
Actinopteri	Pundamilia_nyererei	PunNye1.0
Actinopteri	Rhamphochromis_esox	ASM15093v1
Actinopteri	Maccullochella_peelii	mcod_v1
Actinopteri	Bathygadus_melanobranchus	ASM90030237v1
Actinopteri	Fundulus_heteroclitus	3.0.2
Actinopteri	Epinephelus_moara	YSFRI_EMoa_1.0
Actinopteri	Pampus_argenteus	PamArg1.0
Actinopteri	Sinocyclocheilus_anshuiensis	SAMN03320099
Actinopteri	Cromileptes_altivelis	SYSU_Calt_1.1
Actinopteri	Paralichthys_olivaceus	V1.0
Actinopteri	Lateolabrax_maculatus	ASM402866v1
Actinopteri	Salarias_fasciatus	fSalaFa1.1
Actinopteri	Anguilla_japonica	v1_25_oct_2011
Actinopteri	Leuciscus_waleckii	Amur_ide_v1
Actinopteri	Gadus_chalcogrammus	ASM90030257v1
Actinopteri	Nothobranchius_furzeri	Nfu_20140520
Actinopteri	Boleophthalmus_pectinirostris	1_BP
Actinopteri	Anabarilius_grahami	BGI_Agra_1.0
Actinopteri	Sebastes_rubrivinctus	SRub1.0
Actinopteri	Brosme_brosme	ASM90030242v1
Actinopteri	Seriola_quinqueradiata	Squ_1.0
Actinopteri	Trisopterus_minutus	ASM90030241v1
Actinopteri	Neolamprologus_brichardi	NeoBri1.0
Actinopteri	Macquaria_australasica	DU_Maus_v1.0
Actinopteri	Pangasianodon_hypophthalmus	VN_pangasius
Actinopteri	Acanthochromis_polyacanthus	ASM210954v1
Actinopteri	Antennarius_striatus	ASM90030327v1
Actinopteri	Danio_rerio	ensembl_79_Zv9
Actinopteri	Poropuntius_huangchuchieni	ASM412479v1
Actinopteri	Takifugu_rubripes	FUGU4
Actinopteri	Cyprinodon_variegatus	C_variegatus-1.0
Actinopteri	Hypoplectrus_puella	HP_genome_unmasked_01
Actinopteri	Scophthalmus_maximus	ASM318616v1
Actinopteri	Gambusia_affinis	ASM309773v1
Actinopteri	Xiphophorus_hellerii	3.0.1
Actinopteri	Mugil_soiuy	Liza_haematocheila_0.1
Actinopteri	Chromis_chromis	ASM90030275v1
Actinopteri	Maylandia_zebra	UMD1
Actinopteri	Anabas_testudineus	GCA_900324465
Actinopteri	Pagrus_major	Pmaj_1.0
Actinopteri	Denticeps_clupeoides	fDenClu1.1
Actinopteri	Sinocyclocheilus_grahami	v1.1
Actinopteri	Tachysurus_fulvidraco	GCA_003724035.1
Actinopteri	Benthosema_glaciale	ASM90032337v1
Actinopteri	Gadus_morhua	goldenpath_gadMor1_2010_05
Actinopteri	Sparus_aurata	ASM330901v1
Actinopteri	Austrofundulus_limnaeus	1
Actinopteri	Periophthalmodon_schlosseri	PS
Actinopteri	Hippocampus_comes	QL1_v1
Actinopteri	Sebastes_aleutianus	ASM191080v1
Actinopteri	Lota_lota	ASM90030238v1
Actinopteri	Poecilia_formosa	PoeFor_5.1.2
Actinopteri	Danionella_dracula	fDanDra1.1
Actinopteri	Oplegnathus_fasciatus	ASM341684v1
Actinopteri	Anguilla_rostrata	v1